{"sane": true, "normalizes": true, "log_prob": -1427.594970703125, "avg_log_prob": -2.85518994140625, "perplexity": 17.377737646127326}