{"sane": true, "normalizes": true, "log_prob": -1415.1318359375, "avg_log_prob": -2.830263671875, "perplexity": 16.94992945506957}