{"sane": true, "normalizes": true, "log_prob": -1408.4559326171875, "avg_log_prob": -2.816911865234375, "perplexity": 16.72512141089656}