{"sane": true, "normalizes": true, "log_prob": -1451.2298583984375, "avg_log_prob": -2.902459716796875, "perplexity": 18.21890364385041}