{"sane": true, "normalizes": true, "log_prob": -938.982421875, "avg_log_prob": -1.87796484375, "perplexity": 6.5401810184621665}