{"sane": true, "normalizes": true, "log_prob": -1504.1297607421875, "avg_log_prob": -3.008259521484375, "perplexity": 20.252120851673762}