{"sane": true, "normalizes": true, "log_prob": -1407.8662109375, "avg_log_prob": -2.815732421875, "perplexity": 16.705406705988036}