{"sane": true, "normalizes": true, "log_prob": -1428.5826416015625, "avg_log_prob": -2.857165283203125, "perplexity": 17.4120985437205}