{"sane": true, "normalizes": true, "log_prob": -1407.6875, "avg_log_prob": -2.815375, "perplexity": 16.69943689513459}