{"sane": true, "normalizes": true, "log_prob": -957.115478515625, "avg_log_prob": -1.91423095703125, "perplexity": 6.781721355913478}