{"sane": true, "normalizes": true, "log_prob": -1282.0382080078125, "avg_log_prob": -2.564076416015625, "perplexity": 12.988656712936178}